id,asks,answers,posts,views,days,type,Student ID,label,Personal Statement [2],Assignment 1 [2],Assignment 2 [2],Mini-Proposal [2],Personal Question [2],Proposal -- First Draft [2],Proposal -- Final Draft [2],Progress Report [1],Trailer [2],Final Project [2],Project Paper [2],Project Presentation [2],Final Grade,grade_bucket,id,label,user_type,type_dataStudent71,0,0,132,324,56,student,Student71,Student71,1,1,1,1,2,2,2,1,1,2,2,2,0.782608696,c,Student71,Student71,Student,user_graphStudent14,0,0,0,0,0,student,Student14,Student14,1,0,0,0,0,1,1,1,1,2,1,,0.347826087,d,Student14,Student14,Student,user_graphStudent14,0,2,25,71,29,student,Student14,Student14,1,0,0,0,0,1,1,1,1,2,1,,0.347826087,d,Student14,Student14,Student,user_graphStudent72,2,0,49,339,54,student,Student72,Student72,1,2,1,1,0,1,1,1,2,2,,2,0.608695652,d,Student72,Student72,Student,user_graphStudent83,2,0,73,322,71,student,Student83,Student83,1,1,1,2,1,1,2,1,1,1,1,1,0.608695652,d,Student83,Student83,Student,user_graphStudent13,4,0,202,156,49,student,Student13,Student13,2,2,2,2,1,2,2,1,2,,,,0.695652174,d,Student13,Student13,Student,user_graphTeacher2,1,51,1126,542,71,teacher,,,,,,,,,,,,,,,,,Teacher2,Teacher2,Teacher,user_graphStudent55,5,1,215,209,59,student,Student55,Student55,2,2,2,1,1,2,2,1,1,1,1,1,0.739130435,c,Student55,Student55,Student,user_graphStudent76,2,0,63,225,32,student,Student76,Student76,1,2,2,2,2,2,2,2,2,2,1,1,0.913043478,a,Student76,Student76,Student,user_graphStudent39,2,1,32,189,56,student,Student39,Student39,2,2,1,1,1,2,2,1,2,,,,0.608695652,d,Student39,Student39,Student,user_graphStudent36,4,0,45,53,18,student,Student36,Student36,1,1,1,1,1,1,1,1,1,1,2,1,0.565217391,d,Student36,Student36,Student,user_graphStudent34,3,6,404,340,71,student,Student34,Student34,2,1,1,2,0,1,2,1,1,,,,0.47826087,d,Student34,Student34,Student,user_graphStudent6,1,2,143,344,72,student,Student6,Student6,2,2,2,1,1,1,1,1,1,1,1,2,0.695652174,d,Student6,Student6,Student,user_graphStudent1,5,0,130,346,66,student,Student1,Student1,1,2,2,1,1,1,1,1,1,1,1,2,0.652173913,d,Student1,Student1,Student,user_graphStudent17,3,2,74,332,65,student,Student17,Student17,1,1,1,1,1,1,1,1,1,1,1,1,0.52173913,d,Student17,Student17,Student,user_graphTeacher1,0,0,177,176,40,teacher,,,,,,,,,,,,,,,,,Teacher1,Teacher1,Teacher,user_graphStudent74,2,1,43,110,63,student,Student74,Student74,1,1,2,2,2,2,2,1,1,2,2,2,0.869565217,b,Student74,Student74,Student,user_graphStudent45,1,3,88,298,64,student,Student45,Student45,1,1,1,1,1,2,2,2,2,2,2,2,0.826086957,b,Student45,Student45,Student,user_graphStudent61,1,0,102,341,55,student,Student61,Student61,1,1,1,1,1,1,1,1,1,1,1,1,0.52173913,d,Student61,Student61,Student,user_graphStudent24,6,1,151,341,72,student,Student24,Student24,1,1,2,1,1,2,2,1,1,2,2,0,0.695652174,d,Student24,Student24,Student,user_graphStudent73,2,0,86,331,35,student,Student73,Student73,1,1,1,1,1,1,1,1,1,2,1,1,0.565217391,d,Student73,Student73,Student,user_graphTeacher5,0,2,255,172,54,teacher,,,,,,,,,,,,,,,,,Teacher5,Teacher5,Teacher,user_graphMisc1,0,0,13,67,56,student,,,,,,,,,,,,,,,,,Misc1,Misc1,Misc,user_graphTeacher7,0,0,124,85,44,teacher,,,,,,,,,,,,,,,,,Teacher7,Teacher7,Teacher,user_graphStudent38,4,0,74,235,70,student,Student38,Student38,1,2,1,1,2,2,2,1,2,2,2,2,0.869565217,b,Student38,Student38,Student,user_graphStudent68,0,0,37,151,28,student,Student68,Student68,1,1,1,1,1,1,1,1,1,0,0,0,0.391304348,d,Student68,Student68,Student,user_graphStudent48,1,1,36,341,46,student,Student48,Student48,1,1,2,1,2,2,1,1,1,1,1,,0.608695652,d,Student48,Student48,Student,user_graphStudent77,1,0,86,323,62,student,Student77,Student77,1,1,2,1,1,1,1,2,2,2,2,2,0.782608696,c,Student77,Student77,Student,user_graphStudent79,7,0,29,113,35,student,Student79,Student79,1,1,2,1,1,1,1,1,2,1,1,2,0.652173913,d,Student79,Student79,Student,user_graphStudent84,2,0,26,97,30,student,Student84,Student84,1,1,1,1,2,2,1,1,0,2,1,2,0.652173913,d,Student84,Student84,Student,user_graphStudent22,6,4,134,283,70,student,Student22,Student22,2,1,2,1,2,1,1,1,1,2,2,2,0.782608696,c,Student22,Student22,Student,user_graphTeacher4,0,0,224,135,49,teacher,,,,,,,,,,,,,,,,,Teacher4,Teacher4,Teacher,user_graphTeacher3,1,0,175,289,70,teacher,,,,,,,,,,,,,,,,,Teacher3,Teacher3,Teacher,user_graphStudent80,2,0,97,161,70,student,Student80,Student80,2,2,2,2,2,2,2,1,2,2,2,1,0.956521739,a,Student80,Student80,Student,user_graphStudent60,0,0,46,80,48,student,Student60,Student60,1,2,1,1,1,1,1,1,2,,,,0.47826087,d,Student60,Student60,Student,user_graphStudent56,2,0,29,89,39,student,Student56,Student56,1,1,2,1,0,1,1,1,1,,,,0.391304348,d,Student56,Student56,Student,user_graphStudent95,2,1,52,342,54,student,Student95,Student95,2,2,2,1,1,2,1,1,2,2,2,2,0.869565217,b,Student95,Student95,Student,user_graphStudent85,0,0,80,338,53,student,Student85,Student85,1,2,1,1,2,1,2,1,2,2,1,1,0.739130435,c,Student85,Student85,Student,user_graphStudent100,3,0,72,206,46,student,Student100,Student100,2,2,2,2,2,2,2,1,2,2,2,2,1,a,Student100,Student100,Student,user_graphStudent41,1,0,32,213,45,student,Student41,Student41,1,1,1,1,2,1,1,1,2,2,1,2,0.695652174,d,Student41,Student41,Student,user_graphStudent7,0,0,25,327,53,student,Student7,Student7,1,2,1,1,1,2,1,1,2,2,2,2,0.782608696,c,Student7,Student7,Student,user_graphStudent44,3,1,81,145,52,student,Student44,Student44,1,2,2,2,2,2,2,1,2,1,2,1,0.869565217,b,Student44,Student44,Student,user_graphStudent46,1,0,47,222,37,student,Student46,Student46,1,1,1,1,1,1,1,1,2,1,2,2,0.652173913,d,Student46,Student46,Student,user_graphMisc3,2,0,33,89,51,student,,,,,,,,,,,,,,,,,Misc3,Misc3,Misc,user_graphStudent81,4,0,64,320,49,student,Student81,Student81,2,2,1,2,2,2,2,1,1,1,1,1,0.782608696,c,Student81,Student81,Student,user_graphStudent33,1,0,43,343,61,student,Student33,Student33,1,1,1,2,2,1,1,1,1,2,2,2,0.739130435,c,Student33,Student33,Student,user_graphStudent51,2,1,179,344,72,student,Student51,Student51,1,1,1,2,1,2,2,,1,2,2,2,0.739130435,c,Student51,Student51,Student,user_graphStudent8,3,0,177,205,57,student,Student8,Student8,2,1,2,2,1,1,2,1,2,,,,0.608695652,d,Student8,Student8,Student,user_graphStudent59,0,0,33,234,63,student,Student59,Student59,2,1,1,1,1,1,1,1,1,2,1,2,0.652173913,d,Student59,Student59,Student,user_graphStudent63,0,0,23,259,69,student,Student63,Student63,1,1,1,2,1,1,1,1,1,,,,0.434782609,d,Student63,Student63,Student,user_graphStudent82,0,0,68,259,62,student,Student82,Student82,2,2,1,2,1,1,2,1,1,1,1,1,0.695652174,d,Student82,Student82,Student,user_graphStudent58,1,1,42,109,64,student,Student58,Student58,1,1,1,2,2,2,2,1,2,,,,0.608695652,d,Student58,Student58,Student,user_graphStudent86,6,2,57,323,68,student,Student86,Student86,2,1,2,1,1,1,1,1,1,2,2,2,0.739130435,c,Student86,Student86,Student,user_graphStudent101,0,1,63,215,45,student,Student101,Student101,1,1,1,1,2,1,1,1,1,2,1,1,0.608695652,d,Student101,Student101,Student,user_graphStudent75,1,4,31,79,37,student,Student75,Student75,1,1,2,2,1,2,2,1,1,2,1,1,0.739130435,c,Student75,Student75,Student,user_graphStudent15,0,0,14,54,28,student,Student15,Student15,1,1,2,1,1,1,1,0,1,1,1,1,0.52173913,d,Student15,Student15,Student,user_graphStudent64,2,1,31,321,50,student,Student64,Student64,1,1,1,1,2,1,1,1,1,2,2,2,0.695652174,d,Student64,Student64,Student,user_graphStudent65,3,4,112,246,70,student,Student65,Student65,2,1,2,1,1,2,2,1,2,,,,0.608695652,d,Student65,Student65,Student,user_graphStudent40,6,1,48,265,37,student,Student40,Student40,1,1,1,1,1,1,1,1,1,1,0,1,0.47826087,d,Student40,Student40,Student,user_graphStudent3,2,0,78,139,40,student,Student3,Student3,1,1,2,1,1,1,1,1,1,1,2,2,0.652173913,d,Student3,Student3,Student,user_graphStudent43,0,0,64,342,51,student,Student43,Student43,1,1,2,1,1,1,2,1,1,1,2,1,0.652173913,d,Student43,Student43,Student,user_graphStudent35,0,0,65,342,72,student,Student35,Student35,1,2,2,2,2,2,2,1,1,2,2,1,0.869565217,b,Student35,Student35,Student,user_graphStudent16,2,0,32,100,57,student,Student16,Student16,1,1,1,1,1,1,1,1,2,,,,0.434782609,d,Student16,Student16,Student,user_graphStudent97,1,0,14,92,53,student,Student97,Student97,1,2,1,1,1,1,2,1,1,1,1,1,0.608695652,d,Student97,Student97,Student,user_graphStudent99,1,0,30,339,52,student,Student99,Student99,1,1,1,1,1,1,1,1,1,1,2,1,0.565217391,d,Student99,Student99,Student,user_graphStudent10,3,0,71,305,67,student,Student10,Student10,2,2,2,2,2,2,2,1,1,2,2,2,0.956521739,a,Student10,Student10,Student,user_graphStudent32,0,3,86,293,69,student,Student32,Student32,1,1,1,1,1,2,2,1,2,,,,0.52173913,d,Student32,Student32,Student,user_graphTeacher6,0,2,235,112,49,teacher,,,,,,,,,,,,,,,,,Teacher6,Teacher6,Teacher,user_graphStudent53,0,1,31,210,68,student,Student53,Student53,1,1,2,1,2,2,2,1,1,2,2,2,0.826086957,b,Student53,Student53,Student,user_graphStudent21,1,1,27,317,64,student,Student21,Student21,1,1,1,1,1,2,2,2,2,2,2,2,0.826086957,b,Student21,Student21,Student,user_graphStudent54,2,0,77,342,57,student,Student54,Student54,1,2,1,1,1,2,2,1,2,,,,0.565217391,d,Student54,Student54,Student,user_graph