id,name,asks,answers,posts,views,days,type,Personal Statement [2],Assignment 1 [2],Assignment 2 [2],Mini-Proposal [2],Personal Question [2],Proposal -- First Draft [2],Proposal -- Final Draft [2],Progress Report [1],Trailer [2],Final Project [2],Project Paper [2],Project Presentation [2],Final Grade [23],grade_bucket,id,label,user_type,type_dataStudent71,Student71,0,0,132,324,56,student,1,1,1,1,2,2,2,1,1,2,2,2,0.782608696,c,Student71,Student71,Student,user_graphGuest1,,0,0,14,4,7,guest,,,,,,,,,,,,,,,,,,Student14,Student14,0,0,0,0,0,student,1,0,0,0,0,1,1,1,1,2,1,,0.347826087,d,Student14,Student14,Student,user_graphStudent14,Student14,0,2,25,71,29,student,1,0,0,0,0,1,1,1,1,2,1,,0.347826087,d,Student14,Student14,Student,user_graphStudent92,Student92,2,0,17,106,26,student,1,1,1,1,1,1,1,1,1,1,1,1,0.52173913,d,,,,Guest2,,0,0,9,10,2,guest,,,,,,,,,,,,,,,,,,Guest3,,0,0,3,3,4,guest,,,,,,,,,,,,,,,,,,Student72,Student72,2,0,49,339,54,student,1,2,1,1,0,1,1,1,2,2,,2,0.608695652,d,Student72,Student72,Student,user_graphStudent96,Student96,0,0,44,133,45,student,1,1,1,2,2,1,1,1,2,2,2,2,0.782608696,c,,,,Student83,Student83,2,0,73,322,71,student,1,1,1,2,1,1,2,1,1,1,1,1,0.608695652,d,Student83,Student83,Student,user_graphStudent13,Student13,4,0,202,156,49,student,2,2,2,2,1,2,2,1,2,,,,0.695652174,d,Student13,Student13,Student,user_graphTeacher2,,1,51,1126,542,71,teacher,,,,,,,,,,,,,,,Teacher2,Teacher2,Teacher,user_graphStudent28,Student28,0,3,93,326,68,student,1,1,1,1,1,2,2,2,2,2,2,2,0.826086957,b,,,,Guest4,,0,0,2,2,1,guest,,,,,,,,,,,,,,,,,,Student25,Student25,1,0,19,330,41,student,1,1,2,2,1,1,2,1,1,1,2,2,0.739130435,c,,,,Student55,Student55,5,1,215,209,59,student,2,2,2,1,1,2,2,1,1,1,1,1,0.739130435,c,Student55,Student55,Student,user_graphStudent76,Student76,2,0,63,225,32,student,1,2,2,2,2,2,2,2,2,2,1,1,0.913043478,a,Student76,Student76,Student,user_graphStudent39,Student39,2,1,32,189,56,student,2,2,1,1,1,2,2,1,2,,,,0.608695652,d,Student39,Student39,Student,user_graphStudent36,Student36,4,0,45,53,18,student,1,1,1,1,1,1,1,1,1,1,2,1,0.565217391,d,Student36,Student36,Student,user_graphStudent67,Student67,1,1,48,342,71,student,1,2,1,2,1,2,2,1,1,1,1,2,0.739130435,c,,,,Student34,Student34,3,6,404,340,71,student,2,1,1,2,0,1,2,1,1,,,,0.47826087,d,Student34,Student34,Student,user_graphStudent6,Student6,1,2,143,344,72,student,2,2,2,1,1,1,1,1,1,1,1,2,0.695652174,d,Student6,Student6,Student,user_graphStudent1,Student1,5,0,130,346,66,student,1,2,2,1,1,1,1,1,1,1,1,2,0.652173913,d,Student1,Student1,Student,user_graphStudent17,Student17,3,2,74,332,65,student,1,1,1,1,1,1,1,1,1,1,1,1,0.52173913,d,Student17,Student17,Student,user_graphTeacher1,,0,0,177,176,40,teacher,,,,,,,,,,,,,,,Teacher1,Teacher1,Teacher,user_graphStudent74,Student74,2,1,43,110,63,student,1,1,2,2,2,2,2,1,1,2,2,2,0.869565217,b,Student74,Student74,Student,user_graphStudent45,Student45,1,3,88,298,64,student,1,1,1,1,1,2,2,2,2,2,2,2,0.826086957,b,Student45,Student45,Student,user_graphStudent61,Student61,1,0,102,341,55,student,1,1,1,1,1,1,1,1,1,1,1,1,0.52173913,d,Student61,Student61,Student,user_graphStudent24,Student24,6,1,151,341,72,student,1,1,2,1,1,2,2,1,1,2,2,0,0.695652174,d,Student24,Student24,Student,user_graphGuest5,,0,0,8,6,3,guest,,,,,,,,,,,,,,,,,,Student91,Student91,0,0,59,218,69,student,2,2,1,2,2,1,1,1,1,,,,0.565217391,d,,,,Student26,Student26,1,1,140,342,70,student,1,2,1,1,1,2,2,1,2,2,2,2,0.826086957,b,,,,Student49,Student49,0,0,5,26,19,student,1,1,1,1,2,1,1,1,1,1,1,2,0.608695652,d,,,,Student12,Student12,0,0,9,44,32,student,1,1,1,1,1,2,2,2,2,2,2,2,0.826086957,b,,,,Student12,Student12,0,0,0,46,5,student,1,1,1,1,1,2,2,2,2,2,2,2,0.826086957,b,,,,Student73,Student73,2,0,86,331,35,student,1,1,1,1,1,1,1,1,1,2,1,1,0.565217391,d,Student73,Student73,Student,user_graphGuest6,,0,0,0,2,3,guest,,,,,,,,,,,,,,,,,,Teacher5,,0,2,255,172,54,teacher,,,,,,,,,,,,,,,Teacher5,Teacher5,Teacher,user_graphGuest7,,0,0,37,19,13,guest,,,,,,,,,,,,,,,,,,Misc1,,0,0,13,67,56,student,,,,,,,,,,,,,,,Misc1,Misc1,Misc,user_graphGuest8,,0,0,11,3,3,guest,,,,,,,,,,,,,,,,,,Teacher7,,0,0,124,85,44,teacher,,,,,,,,,,,,,,,Teacher7,Teacher7,Teacher,user_graphStudent29,Student29,1,0,43,211,44,student,1,1,1,1,1,1,1,1,1,2,2,2,0.652173913,d,,,,Student98,Student98,0,0,30,302,39,student,1,1,1,1,2,1,1,1,1,1,1,1,0.565217391,d,,,,Student38,Student38,4,0,74,235,70,student,1,2,1,1,2,2,2,1,2,2,2,2,0.869565217,b,Student38,Student38,Student,user_graphStudent68,Student68,0,0,37,151,28,student,1,1,1,1,1,1,1,1,1,0,0,0,0.391304348,d,Student68,Student68,Student,user_graphStudent48,Student48,1,1,36,341,46,student,1,1,2,1,2,2,1,1,1,1,1,,0.608695652,d,Student48,Student48,Student,user_graphStudent5,Student5,0,0,25,262,38,student,1,1,1,1,0,2,2,2,2,2,2,2,0.782608696,c,,,,Student18,Student18,0,0,22,223,44,student,1,1,1,1,1,1,1,1,1,1,1,1,0.52173913,d,,,,Student77,Student77,1,0,86,323,62,student,1,1,2,1,1,1,1,2,2,2,2,2,0.782608696,c,Student77,Student77,Student,user_graphStudent79,Student79,7,0,29,113,35,student,1,1,2,1,1,1,1,1,2,1,1,2,0.652173913,d,Student79,Student79,Student,user_graphStudent20,Student20,0,2,4,109,46,student,1,1,1,1,1,1,1,1,1,1,1,2,0.565217391,d,,,,Student84,Student84,2,0,26,97,30,student,1,1,1,1,2,2,1,1,0,2,1,2,0.652173913,d,Student84,Student84,Student,user_graphGuest9,,0,0,9,13,55,guest,,,,,,,,,,,,,,,,,,Student88,Student88,0,0,57,341,71,student,1,1,1,1,1,1,1,,1,,,,0.347826087,d,,,,Student22,Student22,6,4,134,283,70,student,2,1,2,1,2,1,1,1,1,2,2,2,0.782608696,c,Student22,Student22,Student,user_graphStudent50,Student50,2,0,23,186,34,student,2,2,2,1,1,1,2,1,1,2,2,2,0.826086957,b,,,,Teacher4,,0,0,224,135,49,teacher,,,,,,,,,,,,,,,Teacher4,Teacher4,Teacher,user_graphTeacher3,,1,0,175,289,70,teacher,,,,,,,,,,,,,,,Teacher3,Teacher3,Teacher,user_graphStudent80,Student80,2,0,97,161,70,student,2,2,2,2,2,2,2,1,2,2,2,1,0.956521739,a,Student80,Student80,Student,user_graphStudent60,Student60,0,0,46,80,48,student,1,2,1,1,1,1,1,1,2,,,,0.47826087,d,Student60,Student60,Student,user_graphMisc2,,0,0,2,29,39,student,,,,,,,,,,,,,,,,,,Student78,Student78,0,0,20,292,14,student,1,1,1,1,1,1,1,1,1,1,1,1,0.52173913,d,,,,Student30,Student30,3,0,32,276,27,student,2,1,1,2,2,2,2,1,1,0,0,0,0.608695652,d,,,,Student56,Student56,2,0,29,89,39,student,1,1,2,1,0,1,1,1,1,,,,0.391304348,d,Student56,Student56,Student,user_graphStudent47,Student47,0,0,22,340,63,student,1,2,1,1,1,1,2,1,2,1,1,1,0.652173913,d,,,,Student95,Student95,2,1,52,342,54,student,2,2,2,1,1,2,1,1,2,2,2,2,0.869565217,b,Student95,Student95,Student,user_graphStudent42,Student42,0,0,27,202,27,student,1,2,2,1,2,2,2,1,1,2,2,2,0.869565217,b,,,,Student85,Student85,0,0,80,338,53,student,1,2,1,1,2,1,2,1,2,2,1,1,0.739130435,c,Student85,Student85,Student,user_graphStudent100,Student100,3,0,72,206,46,student,2,2,2,2,2,2,2,1,2,2,2,2,1,a,Student100,Student100,Student,user_graphStudent41,Student41,1,0,32,213,45,student,1,1,1,1,2,1,1,1,2,2,1,2,0.695652174,d,Student41,Student41,Student,user_graphStudent93,Student93,0,0,43,204,58,student,1,2,2,2,2,2,2,2,2,,,,0.739130435,c,,,,Student7,Student7,0,0,25,327,53,student,1,2,1,1,1,2,1,1,2,2,2,2,0.782608696,c,Student7,Student7,Student,user_graphStudent19,Student19,0,0,11,319,52,student,1,2,1,1,1,1,2,1,1,1,1,2,0.652173913,d,,,,Student90,Student90,2,1,55,222,62,student,2,1,1,1,2,2,1,1,2,1,1,2,0.739130435,c,,,,Student44,Student44,3,1,81,145,52,student,1,2,2,2,2,2,2,1,2,1,2,1,0.869565217,b,Student44,Student44,Student,user_graphStudent46,Student46,1,0,47,222,37,student,1,1,1,1,1,1,1,1,2,1,2,2,0.652173913,d,Student46,Student46,Student,user_graphStudent4,Student4,2,0,17,158,59,student,1,1,1,1,1,1,1,1,1,1,1,1,0.52173913,d,,,,Misc3,,2,0,33,89,51,student,,,,,,,,,,,,,,,Misc3,Misc3,Misc,user_graphStudent81,Student81,4,0,64,320,49,student,2,2,1,2,2,2,2,1,1,1,1,1,0.782608696,c,Student81,Student81,Student,user_graphStudent33,Student33,1,0,43,343,61,student,1,1,1,2,2,1,1,1,1,2,2,2,0.739130435,c,Student33,Student33,Student,user_graphStudent51,Student51,2,1,179,344,72,student,1,1,1,2,1,2,2,,1,2,2,2,0.739130435,c,Student51,Student51,Student,user_graphStudent8,Student8,3,0,177,205,57,student,2,1,2,2,1,1,2,1,2,,,,0.608695652,d,Student8,Student8,Student,user_graphStudent59,Student59,0,0,33,234,63,student,2,1,1,1,1,1,1,1,1,2,1,2,0.652173913,d,Student59,Student59,Student,user_graphStudent63,Student63,0,0,23,259,69,student,1,1,1,2,1,1,1,1,1,,,,0.434782609,d,Student63,Student63,Student,user_graphStudent82,Student82,0,0,68,259,62,student,2,2,1,2,1,1,2,1,1,1,1,1,0.695652174,d,Student82,Student82,Student,user_graphStudent58,Student58,1,1,42,109,64,student,1,1,1,2,2,2,2,1,2,,,,0.608695652,d,Student58,Student58,Student,user_graphStudent86,Student86,6,2,57,323,68,student,2,1,2,1,1,1,1,1,1,2,2,2,0.739130435,c,Student86,Student86,Student,user_graphStudent101,Student101,0,1,63,215,45,student,1,1,1,1,2,1,1,1,1,2,1,1,0.608695652,d,Student101,Student101,Student,user_graphStudent75,Student75,1,4,31,79,37,student,1,1,2,2,1,2,2,1,1,2,1,1,0.739130435,c,Student75,Student75,Student,user_graphStudent15,Student15,0,0,14,54,28,student,1,1,2,1,1,1,1,0,1,1,1,1,0.52173913,d,Student15,Student15,Student,user_graphStudent64,Student64,2,1,31,321,50,student,1,1,1,1,2,1,1,1,1,2,2,2,0.695652174,d,Student64,Student64,Student,user_graphStudent65,Student65,3,4,112,246,70,student,2,1,2,1,1,2,2,1,2,,,,0.608695652,d,Student65,Student65,Student,user_graphStudent9,Student9,3,0,111,177,40,student,2,1,2,2,2,2,2,1,2,2,2,2,0.956521739,a,,,,Student2,Student2,1,0,44,340,56,student,1,2,2,1,1,1,1,1,1,2,1,2,0.695652174,d,,,,Student70,Student70,0,0,8,42,12,student,1,1,1,1,1,2,2,1,1,2,2,2,0.739130435,c,,,,Misc4,,0,0,18,146,49,student,,,,,,,,,,,,,,,,,,Student52,Student52,0,0,27,331,53,student,1,1,1,1,1,1,2,1,2,1,1,1,0.608695652,d,,,,Student37,Student37,0,0,13,59,19,student,1,1,1,1,1,1,1,1,1,1,1,2,0.565217391,d,,,,Student40,Student40,6,1,48,265,37,student,1,1,1,1,1,1,1,1,1,1,0,1,0.47826087,d,Student40,Student40,Student,user_graphStudent3,Student3,2,0,78,139,40,student,1,1,2,1,1,1,1,1,1,1,2,2,0.652173913,d,Student3,Student3,Student,user_graphStudent66,Student66,0,0,22,101,53,student,1,2,2,1,2,2,2,1,2,2,1,2,0.869565217,b,,,,Student87,Student87,1,0,37,338,57,student,2,1,1,1,1,1,2,1,1,1,1,1,0.608695652,d,,,,Student43,Student43,0,0,64,342,51,student,1,1,2,1,1,1,2,1,1,1,2,1,0.652173913,d,Student43,Student43,Student,user_graphStudent35,Student35,0,0,65,342,72,student,1,2,2,2,2,2,2,1,1,2,2,1,0.869565217,b,Student35,Student35,Student,user_graphStudent11,Student11,0,0,106,344,70,student,1,1,1,1,2,2,2,1,1,,,,0.52173913,d,,,,Student16,Student16,2,0,32,100,57,student,1,1,1,1,1,1,1,1,2,,,,0.434782609,d,Student16,Student16,Student,user_graphMisc5,,0,0,0,18,66,student,,,,,,,,,,,,,,,,,,Student97,Student97,1,0,14,92,53,student,1,2,1,1,1,1,2,1,1,1,1,1,0.608695652,d,Student97,Student97,Student,user_graphStudent99,Student99,1,0,30,339,52,student,1,1,1,1,1,1,1,1,1,1,2,1,0.565217391,d,Student99,Student99,Student,user_graphStudent10,Student10,3,0,71,305,67,student,2,2,2,2,2,2,2,1,1,2,2,2,0.956521739,a,Student10,Student10,Student,user_graphStudent32,Student32,0,3,86,293,69,student,1,1,1,1,1,2,2,1,2,,,,0.52173913,d,Student32,Student32,Student,user_graphTeacher6,,0,2,235,112,49,teacher,,,,,,,,,,,,,,,Teacher6,Teacher6,Teacher,user_graphStudent53,Student53,0,1,31,210,68,student,1,1,2,1,2,2,2,1,1,2,2,2,0.826086957,b,Student53,Student53,Student,user_graphStudent94,Student94,0,1,10,33,46,student,1,2,2,2,1,1,1,,2,,2,,0.608695652,d,,,,Student21,Student21,1,1,27,317,64,student,1,1,1,1,1,2,2,2,2,2,2,2,0.826086957,b,Student21,Student21,Student,user_graphGuest10,,0,0,11,135,61,guest,,,,,,,,,,,,,,,,,,Student54,Student54,2,0,77,342,57,student,1,2,1,1,1,2,2,1,2,,,,0.565217391,d,Student54,Student54,Student,user_graph